﻿Designator,Footprint,Quantity,Value,LCSC Part #
BOOT1,0402,1,UBOOT,
"C1, C10, C11, C12, C14, C19, C2, C24, C25, C5, C6, C7, C8, C9",0402,14,100n,
"C13, C17, C22, C23, C27, C3, C4",0402,7,1u,
"C15, C16",0402,2,18pF,
"C18, C20",0402,2,4.7uF,
C21,0402,1,1n,
C26,0402,1,10uF,
"D2, D5",0402,2,LED Red,
D3,0402,1,LED Green,
D4,0402,1,LED Blue,
IC1,SON50P300X300X80-9N-D,1,ADM7171ACPZ-3.3-R7,
J1,HIROSE_CX60-24S-UNIT,1,CX60-24S-UNIT,
"R1, R15, R4, R6",0402,4,10k,
"R10, R17, R18, R2, R3, R9",0402,6,1k,
R11,0402,1,5.1k,
R5,0402,1,DNP,
"R7, R8",0402,2,27R,
RST1,0402,1,RST,
U1,RP2040-QFN-56,1,RP2040,
U2,SON50P300X200X60-9N,1,W25Q16JVUXIQ_TR,
U3,ADPS-9500,1,APDS-9500,
U4,KS_3_ADI,1,ADM803SAKSZ-REEL7,
Y1,Crystal_SMD_3225-4Pin_3.2x2.5mm,1,YIC-12M20P2/XT324-10/10,
